word;phone_id;phone;f1;f2;point_in_phone;timepoint_in_phone;next_phone;duration
blut;2;b;1759.3617181438578;2125.4738086864145;1;0;l;0.040000000000000036
blut;2;b;539.2121450462799;1774.5372779263218;2;0.008000000000000007;l;0.040000000000000036
blut;2;b;896.9401586853008;2133.813078998121;3;0.016000000000000014;l;0.040000000000000036
blut;2;b;1114.6979270297209;1597.185005080387;4;0.02400000000000002;l;0.040000000000000036
blut;2;b;1112.1051199590142;1600.2514968514076;5;0.03200000000000003;l;0.040000000000000036
blut;2;b;1216.7199237187183;1544.2195726434331;6;0.040000000000000036;l;0.040000000000000036
blut;3;l;1216.7199237187183;1544.2195726434331;1;0;uː;0.040000000000000036
blut;3;l;1170.3772153118446;1514.059323265088;2;0.008000000000000007;uː;0.040000000000000036
blut;3;l;254.90277705934542;1472.97842492942;3;0.016000000000000014;uː;0.040000000000000036
blut;3;l;246.6869894623634;1446.147995081219;4;0.02400000000000002;uː;0.040000000000000036
blut;3;l;266.5168931635979;1369.9610965136317;5;0.03200000000000003;uː;0.040000000000000036
blut;3;l;274.66351385768166;1150.820470236;6;0.040000000000000036;uː;0.040000000000000036
blut;4;uː;274.66351385768166;1150.820470236;1;0;t;0.07000000000000006
blut;4;uː;258.8811288488379;1031.9157136073277;2;0.014000000000000012;t;0.07000000000000006
blut;4;uː;234.3652012417377;890.8689533218309;3;0.028000000000000025;t;0.07000000000000006
blut;4;uː;197.20026267030477;1033.1736988732453;4;0.04200000000000004;t;0.07000000000000006
blut;4;uː;283.13742376137185;1091.5565135310337;5;0.05600000000000005;t;0.07000000000000006
blut;4;uː;213.86154599521146;1159.0899747965022;6;0.07000000000000006;t;0.07000000000000006
blut;5;t;213.86154599521146;1159.0899747965022;1;0;;0.05999999999999983
blut;5;t;273.3545152910717;1190.1600930773989;2;0.01200000000000001;;0.05999999999999983
blut;5;t;473.4276433523443;1602.885378848915;3;0.02400000000000002;;0.05999999999999983
blut;5;t;121.72232353952923;1602.824830852635;4;0.03599999999999981;;0.05999999999999983
blut;5;t;178.4834883013279;1593.847811762559;5;0.04799999999999982;;0.05999999999999983
blut;5;t;155.42035178063153;1580.3539859998332;6;0.05999999999999983;;0.05999999999999983
akut;7;a;796.6309304325654;1795.3124551667504;1;0;kʰ;0.06999999999999984
akut;7;a;1426.770303606012;2101.9285494612013;2;0.01399999999999979;kʰ;0.06999999999999984
akut;7;a;380.25599775085385;1362.1371960854765;3;0.028000000000000025;kʰ;0.06999999999999984
akut;7;a;603.5852843506966;1316.9930128303263;4;0.041999999999999815;kʰ;0.06999999999999984
akut;7;a;726.888987648946;1289.509910237703;5;0.05600000000000005;kʰ;0.06999999999999984
akut;7;a;264.5032421936298;1222.6534562648505;6;0.06999999999999984;kʰ;0.06999999999999984
akut;8;kʰ;264.5032421936298;1222.6534562648505;1;0;uː;0.10000000000000009
akut;8;kʰ;634.446843648083;1525.8460799809836;2;0.020000000000000018;uː;0.10000000000000009
akut;8;kʰ;282.28079410872704;1142.4454093126212;3;0.040000000000000036;uː;0.10000000000000009
akut;8;kʰ;689.2936048578031;775.6621181387295;4;0.06000000000000005;uː;0.10000000000000009
akut;8;kʰ;158.32323113421194;952.7825242098568;5;0.08000000000000007;uː;0.10000000000000009
akut;8;kʰ;213.0790487031706;806.950189214175;6;0.10000000000000009;uː;0.10000000000000009
akut;9;uː;213.0790487031706;806.950189214175;1;0;t;0.08000000000000007
akut;9;uː;231.69380533013265;777.2997137217236;2;0.016000000000000014;t;0.08000000000000007
akut;9;uː;205.69141833905059;810.9822896897792;3;0.03200000000000003;t;0.08000000000000007
akut;9;uː;186.0032569180298;876.8154205889588;4;0.04800000000000004;t;0.08000000000000007
akut;9;uː;164.94774150072467;1101.2823627441294;5;0.06400000000000006;t;0.08000000000000007
akut;9;uː;151.7915733492125;881.8569755142984;6;0.08000000000000007;t;0.08000000000000007
akut;10;t;151.7915733492125;881.8569755142984;1;0;;0.06000000000000005
akut;10;t;153.5304751730312;1113.2050677197178;2;0.01200000000000001;;0.06000000000000005
akut;10;t;1458.8596461080986;1845.2921137182693;3;0.02400000000000002;;0.06000000000000005
akut;10;t;150.26788130548078;1657.25172073026;4;0.03600000000000003;;0.06000000000000005
akut;10;t;145.16180486336972;1618.069704210133;5;0.04800000000000004;;0.06000000000000005
akut;10;t;163.6163889835781;1581.3462442739012;6;0.06000000000000005;;0.06000000000000005
ute;12;uː;1424.3439958572374;2671.118753156703;1;0;tʰ;0.10000000000000009
ute;12;uː;239.6227053348384;622.780579345248;2;0.020000000000000018;tʰ;0.10000000000000009
ute;12;uː;263.99394286447694;586.3480216824171;3;0.040000000000000036;tʰ;0.10000000000000009
ute;12;uː;212.82330142461336;873.4048191781089;4;0.06000000000000005;tʰ;0.10000000000000009
ute;12;uː;157.94695282490017;1031.5828282795812;5;0.08000000000000007;tʰ;0.10000000000000009
ute;12;uː;148.96828241116762;1088.0334686333022;6;0.10000000000000009;tʰ;0.10000000000000009
ute;13;tʰ;148.96828241116762;1088.0334686333022;1;0;ə;0.06999999999999984
ute;13;tʰ;145.04945755965264;1197.3302096585383;2;0.01399999999999979;ə;0.06999999999999984
ute;13;tʰ;1406.2934638633774;2147.66696865288;3;0.028000000000000025;ə;0.06999999999999984
ute;13;tʰ;860.5243942122455;2095.7357077354945;4;0.041999999999999815;ə;0.06999999999999984
ute;13;tʰ;157.6692681164456;1629.7375924492624;5;0.05600000000000005;ə;0.06999999999999984
ute;13;tʰ;229.1113564595871;1526.3839493943074;6;0.06999999999999984;ə;0.06999999999999984
ute;14;ə;229.1113564595871;1526.3839493943074;1;0;;0.18000000000000016
ute;14;ə;213.16552725904154;1428.9611387624227;2;0.03600000000000003;;0.18000000000000016
ute;14;ə;176.44890841388826;1489.2787763666809;3;0.07200000000000006;;0.18000000000000016
ute;14;ə;151.52302137969227;1450.440723547953;4;0.1080000000000001;;0.18000000000000016
ute;14;ə;160.14171697484574;1835.9680232026062;5;0.14400000000000013;;0.18000000000000016
ute;14;ə;138.13858616748792;1496.2663288849558;6;0.18000000000000016;;0.18000000000000016
mutig;16;m;1184.4386192092747;1993.2734216920487;1;0;uː;0.06999999999999984
mutig;16;m;635.1275328237778;1636.767161625024;2;0.01399999999999979;uː;0.06999999999999984
mutig;16;m;214.34814603490872;1090.158306411178;3;0.028000000000000025;uː;0.06999999999999984
mutig;16;m;226.45296686915353;1048.182814704502;4;0.041999999999999815;uː;0.06999999999999984
mutig;16;m;236.83865223502806;1367.2072284803594;5;0.05600000000000005;uː;0.06999999999999984
mutig;16;m;258.297897962732;909.1532197045714;6;0.06999999999999984;uː;0.06999999999999984
mutig;17;uː;258.297897962732;909.1532197045714;1;0;tʰ;0.06000000000000005
mutig;17;uː;253.13559611637496;877.3756556123593;2;0.01200000000000001;tʰ;0.06000000000000005
mutig;17;uː;257.1317467935172;868.9956565993122;3;0.02400000000000002;tʰ;0.06000000000000005
mutig;17;uː;269.2340034905309;970.1011912236474;4;0.03600000000000003;tʰ;0.06000000000000005
mutig;17;uː;299.28230400675204;1100.2081599545095;5;0.04800000000000004;tʰ;0.06000000000000005
mutig;17;uː;276.04781280482854;1758.1978841551286;6;0.06000000000000005;tʰ;0.06000000000000005
mutig;18;tʰ;276.04781280482854;1758.1978841551286;1;0;ɪ;0.07000000000000028
mutig;18;tʰ;237.88670987420477;954.1357409474863;2;0.014000000000000234;ɪ;0.07000000000000028
mutig;18;tʰ;233.5953244782921;1296.820466337193;3;0.028000000000000025;ɪ;0.07000000000000028
mutig;18;tʰ;428.60910958712833;1577.4958867278006;4;0.04200000000000026;ɪ;0.07000000000000028
mutig;18;tʰ;293.30176336529644;1651.606082545671;5;0.05600000000000005;ɪ;0.07000000000000028
mutig;18;tʰ;288.9836061474776;1685.36719673701;6;0.07000000000000028;ɪ;0.07000000000000028
mutig;19;ɪ;288.9836061474776;1685.36719673701;1;0;k;0.06999999999999984
mutig;19;ɪ;313.41541710394984;1716.7351164684535;2;0.01399999999999979;k;0.06999999999999984
mutig;19;ɪ;319.7152162191441;1743.980800973921;3;0.028000000000000025;k;0.06999999999999984
mutig;19;ɪ;300.212466551319;1800.0847818983898;4;0.041999999999999815;k;0.06999999999999984
mutig;19;ɪ;315.66166673024253;1834.2608204242774;5;0.05600000000000005;k;0.06999999999999984
mutig;19;ɪ;315.9669234408214;1817.9818849881035;6;0.06999999999999984;k;0.06999999999999984
mutig;20;k;315.9669234408214;1817.9818849881035;1;0;;0.1499999999999999
mutig;20;k;280.9954947794096;1874.314767564703;2;0.029999999999999805;;0.1499999999999999
mutig;20;k;345.0520106803524;1900.0005235086824;3;0.06000000000000005;;0.1499999999999999
mutig;20;k;358.0654834739441;1759.058893796298;4;0.08999999999999986;;0.1499999999999999
mutig;20;k;140.40621417886356;1807.6542596583624;5;0.1200000000000001;;0.1499999999999999
mutig;20;k;546.5964020850847;1774.4511331130514;6;0.1499999999999999;;0.1499999999999999
flug;22;f;1323.302751398551;2544.444269373376;1;0;l;0.07000000000000028
flug;22;f;1102.1623198083837;1764.9662784493169;2;0.014000000000000234;l;0.07000000000000028
flug;22;f;1211.0259461238315;1755.3403199582972;3;0.02800000000000047;l;0.07000000000000028
flug;22;f;470.5921383256445;1555.0198004938588;4;0.041999999999999815;l;0.07000000000000028
flug;22;f;198.74426958459037;1553.4272976782536;5;0.05600000000000005;l;0.07000000000000028
flug;22;f;1269.8179131212617;1818.768276189908;6;0.07000000000000028;l;0.07000000000000028
flug;23;l;1269.8179131212617;1818.768276189908;1;0;uː;0.03999999999999915
flug;23;l;1492.2321583607559;1951.1942974623323;2;0.008000000000000007;uː;0.03999999999999915
flug;23;l;223.39335050039801;1263.5668283025075;3;0.016000000000000014;uː;0.03999999999999915
flug;23;l;290.1962248434487;1163.2572334107776;4;0.023999999999999133;uː;0.03999999999999915
flug;23;l;281.70938641607444;1109.928079160834;5;0.03199999999999914;uː;0.03999999999999915
flug;23;l;273.1847878712194;1029.6729907029428;6;0.03999999999999915;uː;0.03999999999999915
flug;24;uː;273.1847878712194;1029.6729907029428;1;0;k;0.09000000000000075
flug;24;uː;233.7511852217737;895.9014079804454;2;0.017999999999999794;k;0.09000000000000075
flug;24;uː;179.04005937453223;785.4660422937731;3;0.036000000000000476;k;0.09000000000000075
flug;24;uː;173.54013019344652;774.0693904336603;4;0.05400000000000027;k;0.09000000000000075
flug;24;uː;172.8747261846397;700.0406911443362;5;0.07200000000000095;k;0.09000000000000075
flug;24;uː;155.75074184320982;732.0214287434061;6;0.09000000000000075;k;0.09000000000000075
flug;25;k;155.75074184320982;732.0214287434061;1;0;;0.02999999999999936
flug;25;k;155.88514745769933;851.1651018473531;2;0.006000000000000227;;0.02999999999999936
flug;25;k;156.16403732472503;1088.050190674042;3;0.011999999999999567;;0.02999999999999936
flug;25;k;644.3648837243535;1412.4525244675558;4;0.017999999999999794;;0.02999999999999936
flug;25;k;607.7802413681388;1351.7820145770818;5;0.023999999999999133;;0.02999999999999936
flug;25;k;157.92916859449195;1119.2605018157994;6;0.02999999999999936;;0.02999999999999936
genug;27;ɡ;1715.4629251654046;2615.2743823020737;1;0;ə;0.040000000000000036
genug;27;ɡ;368.12948092455395;1680.7472668830565;2;0.008000000000000007;ə;0.040000000000000036
genug;27;ɡ;1475.557388453624;2367.723364443777;3;0.016000000000000014;ə;0.040000000000000036
genug;27;ɡ;1242.1511828528505;1766.989165423962;4;0.02400000000000002;ə;0.040000000000000036
genug;27;ɡ;799.5958657643125;1577.8113355810076;5;0.03200000000000003;ə;0.040000000000000036
genug;27;ɡ;203.7577663311936;1531.9956498308288;6;0.040000000000000036;ə;0.040000000000000036
genug;28;ə;203.7577663311936;1531.9956498308288;1;0;n;0.040000000000000036
genug;28;ə;281.46310469816865;1605.475547825478;2;0.008000000000000007;n;0.040000000000000036
genug;28;ə;281.818106482583;1554.7403759196047;3;0.016000000000000014;n;0.040000000000000036
genug;28;ə;227.22645360193357;1502.3185766912923;4;0.02400000000000002;n;0.040000000000000036
genug;28;ə;217.94742330595636;1527.5826840850345;5;0.03200000000000003;n;0.040000000000000036
genug;28;ə;204.1380512227204;1497.8788449078158;6;0.040000000000000036;n;0.040000000000000036
genug;29;n;204.1380512227204;1497.8788449078158;1;0;uː;0.02999999999999936
genug;29;n;197.14302992805838;1495.542265157239;2;0.006000000000000227;uː;0.02999999999999936
genug;29;n;222.83939009596344;1470.827835261775;3;0.011999999999999567;uː;0.02999999999999936
genug;29;n;250.799621770273;1205.9740041363548;4;0.017999999999999794;uː;0.02999999999999936
genug;29;n;272.1895399583016;1140.0979319334042;5;0.023999999999999133;uː;0.02999999999999936
genug;29;n;268.35407120659085;1108.0647421638105;6;0.02999999999999936;uː;0.02999999999999936
genug;30;uː;268.35407120659085;1108.0647421638105;1;0;k;0.08999999999999986
genug;30;uː;241.6176344240892;1009.0878334194439;2;0.017999999999999794;k;0.08999999999999986
genug;30;uː;248.13930526702956;866.804065421292;3;0.03599999999999959;k;0.08999999999999986
genug;30;uː;329.493252787368;837.8810962502844;4;0.05400000000000027;k;0.08999999999999986
genug;30;uː;246.05117919780218;785.0361887442695;5;0.07200000000000006;k;0.08999999999999986
genug;30;uː;251.52185769543453;824.9865174710031;6;0.08999999999999986;k;0.08999999999999986
genug;31;k;251.52185769543453;824.9865174710031;1;0;;0.11000000000000032
genug;31;k;218.38138147031913;1124.496600291433;2;0.02200000000000024;;0.11000000000000032
genug;31;k;271.1683358507388;1242.9653284768387;3;0.04400000000000048;;0.11000000000000032
genug;31;k;972.1841084636283;1649.7510166876327;4;0.06599999999999984;;0.11000000000000032
genug;31;k;144.70683092158563;1174.636148451469;5;0.08800000000000008;;0.11000000000000032
genug;31;k;210.98860437856086;1458.4951255203898;6;0.11000000000000032;;0.11000000000000032
zug;33;ts;1153.5317867168565;2102.449158757183;1;0;uː;0.08999999999999986
zug;33;ts;584.2901304758936;1911.617585472737;2;0.017999999999999794;uː;0.08999999999999986
zug;33;ts;1429.4874420767078;2263.5204719048184;3;0.03599999999999959;uː;0.08999999999999986
zug;33;ts;664.227786612809;1575.4852598373725;4;0.05400000000000027;uː;0.08999999999999986
zug;33;ts;515.2941448669889;1594.821159588163;5;0.07200000000000006;uː;0.08999999999999986
zug;33;ts;194.08384696041813;1341.5285593937808;6;0.08999999999999986;uː;0.08999999999999986
zug;34;uː;194.08384696041813;1341.5285593937808;1;0;k;0.11000000000000032
zug;34;uː;258.18677364209617;969.4671036282883;2;0.02200000000000024;k;0.11000000000000032
zug;34;uː;239.35316735186686;897.0156669304133;3;0.04400000000000048;k;0.11000000000000032
zug;34;uː;227.32644944902637;816.4033334798963;4;0.06599999999999984;k;0.11000000000000032
zug;34;uː;165.41702809528286;837.9406564795308;5;0.08800000000000008;k;0.11000000000000032
zug;34;uː;173.62460865016396;860.9375907025144;6;0.11000000000000032;k;0.11000000000000032
zug;35;k;173.62460865016396;860.9375907025144;1;0;;0.04999999999999982
zug;35;k;168.01666752376312;771.6696200175624;2;0.009999999999999787;;0.04999999999999982
zug;35;k;970.6776657181708;1469.7568746461059;3;0.019999999999999574;;0.04999999999999982
zug;35;k;949.956978268577;1496.7212935446528;4;0.03000000000000025;;0.04999999999999982
zug;35;k;156.86844738573961;1156.8396579296502;5;0.040000000000000036;;0.04999999999999982
zug;35;k;1279.0046615552044;1730.8529857136991;6;0.04999999999999982;;0.04999999999999982
spuke;37;ʃ;1475.8021812477562;2415.9291879442244;1;0;p;0.08000000000000007
spuke;37;ʃ;1473.442040874793;1811.2805580017898;2;0.016000000000000014;p;0.08000000000000007
spuke;37;ʃ;1630.8609069521194;2237.9753198586454;3;0.03200000000000003;p;0.08000000000000007
spuke;37;ʃ;1611.5080719886014;2163.8467762616606;4;0.04800000000000004;p;0.08000000000000007
spuke;37;ʃ;1449.6221540936433;2020.239727558378;5;0.06400000000000006;p;0.08000000000000007
spuke;37;ʃ;1344.0571599061143;1964.860802910612;6;0.08000000000000007;p;0.08000000000000007
spuke;38;p;1344.0571599061143;1964.860802910612;1;0;uː;0.0600000000000005
spuke;38;p;1673.8085988965463;2040.076687939873;2;0.012000000000000455;uː;0.0600000000000005
spuke;38;p;1472.0526298199045;2230.811079683966;3;0.02400000000000002;uː;0.0600000000000005
spuke;38;p;1256.0444801916674;1754.2845375222796;4;0.036000000000000476;uː;0.0600000000000005
spuke;38;p;338.62227203577856;1355.4259994519166;5;0.04800000000000004;uː;0.0600000000000005
spuke;38;p;259.9022012549636;968.8626631892358;6;0.0600000000000005;uː;0.0600000000000005
spuke;39;uː;259.9022012549636;968.8626631892358;1;0;kʰ;0.08999999999999986
spuke;39;uː;266.35675562390657;817.4917712888466;2;0.017999999999999794;kʰ;0.08999999999999986
spuke;39;uː;265.28737023521154;711.775076405486;3;0.03599999999999959;kʰ;0.08999999999999986
spuke;39;uː;218.78805699428233;703.9556132034242;4;0.05400000000000027;kʰ;0.08999999999999986
spuke;39;uː;146.11684195350853;769.9084958561377;5;0.07200000000000006;kʰ;0.08999999999999986
spuke;39;uː;173.5293414510864;698.0676447355778;6;0.08999999999999986;kʰ;0.08999999999999986
spuke;40;kʰ;173.5293414510864;698.0676447355778;1;0;ə;0.05999999999999961
spuke;40;kʰ;194.78341322053507;1137.8346517466834;2;0.011999999999999567;ə;0.05999999999999961
spuke;40;kʰ;1038.9524387783567;1260.497143443504;3;0.02400000000000002;ə;0.05999999999999961
spuke;40;kʰ;100.2281365558189;1148.774757647472;4;0.03599999999999959;ə;0.05999999999999961
spuke;40;kʰ;1239.076931026775;1787.2274663783621;5;0.04800000000000004;ə;0.05999999999999961
spuke;40;kʰ;194.7217387458958;1285.8021118629608;6;0.05999999999999961;ə;0.05999999999999961
spuke;41;ə;194.7217387458958;1285.8021118629608;1;0;;0.20999999999999996
spuke;41;ə;258.5602574656563;1407.641596598574;2;0.041999999999999815;;0.20999999999999996
spuke;41;ə;150.63019820795589;1425.3199186193556;3;0.08399999999999963;;0.20999999999999996
spuke;41;ə;159.33162087440212;1405.028498730239;4;0.12600000000000033;;0.20999999999999996
spuke;41;ə;146.71623318370814;1148.4140624907259;5;0.16800000000000015;;0.20999999999999996
spuke;41;ə;172.9819804787237;1614.8020010874122;6;0.20999999999999996;;0.20999999999999996
buch;43;b;1085.9882405226936;2260.175918711288;1;0;uː;0.05000000000000071
buch;43;b;1462.378510790047;2498.0235421147845;2;0.009999999999999787;uː;0.05000000000000071
buch;43;b;704.5011314572417;1607.1252248653532;3;0.020000000000000462;uː;0.05000000000000071
buch;43;b;991.2917051762913;1743.0186849186632;4;0.03000000000000025;uː;0.05000000000000071
buch;43;b;248.65533107244372;1019.5770831557314;5;0.040000000000000924;uː;0.05000000000000071
buch;43;b;270.704858730653;742.2370321225515;6;0.05000000000000071;uː;0.05000000000000071
buch;44;uː;270.704858730653;742.2370321225515;1;0;x;0.08999999999999986
buch;44;uː;269.5285737491217;716.4742538456578;2;0.017999999999999794;x;0.08999999999999986
buch;44;uː;275.1519002705548;690.9593112600556;3;0.03599999999999959;x;0.08999999999999986
buch;44;uː;276.5473070199639;642.4818477282167;4;0.05400000000000027;x;0.08999999999999986
buch;44;uː;294.3144847457891;640.4092247614789;5;0.07200000000000006;x;0.08999999999999986
buch;44;uː;299.18516092925694;652.1658440866519;6;0.08999999999999986;x;0.08999999999999986
buch;45;x;299.18516092925694;652.1658440866519;1;0;;0.09999999999999964
buch;45;x;605.1552179665064;1154.5527803172301;2;0.019999999999999574;;0.09999999999999964
buch;45;x;375.89445273611875;975.8884170392531;3;0.040000000000000036;;0.09999999999999964
buch;45;x;272.1551701581597;966.2781597876198;4;0.05999999999999961;;0.09999999999999964
buch;45;x;401.14659113467377;1112.436830933258;5;0.08000000000000007;;0.09999999999999964
buch;45;x;511.6568960239436;1214.7191060740547;6;0.09999999999999964;;0.09999999999999964
besuch;47;b;762.1771738859335;1744.792283284371;1;0;ə;0.03999999999999915
besuch;47;b;141.58556662722256;1549.4405488832613;2;0.007999999999999119;ə;0.03999999999999915
besuch;47;b;297.96787709045697;1856.9301316204385;3;0.016000000000000014;ə;0.03999999999999915
besuch;47;b;374.096598285217;1502.795454252068;4;0.023999999999999133;ə;0.03999999999999915
besuch;47;b;367.66318088966693;1498.6677334982264;5;0.03200000000000003;ə;0.03999999999999915
besuch;47;b;307.73743758457505;1505.723265068345;6;0.03999999999999915;ə;0.03999999999999915
besuch;48;ə;307.73743758457505;1505.723265068345;1;0;z;0.030000000000001137
besuch;48;ə;292.4944575864121;1498.2859737230826;2;0.006000000000000227;z;0.030000000000001137
besuch;48;ə;295.0913435453351;1484.7472699741666;3;0.012000000000000455;z;0.030000000000001137
besuch;48;ə;286.99500852168984;1472.384295493192;4;0.018000000000000682;z;0.030000000000001137
besuch;48;ə;300.72159386999414;1463.4089858450177;5;0.02400000000000091;z;0.030000000000001137
besuch;48;ə;304.86015194977136;1467.8136369284052;6;0.030000000000001137;z;0.030000000000001137
besuch;49;z;304.86015194977136;1467.8136369284052;1;0;uː;0.049999999999998934
besuch;49;z;299.40641797806205;1448.2044740676106;2;0.009999999999999787;uː;0.049999999999998934
besuch;49;z;306.03994894325217;1429.1352475399883;3;0.019999999999999574;uː;0.049999999999998934
besuch;49;z;305.29937360325886;1473.817857372317;4;0.02999999999999936;uː;0.049999999999998934
besuch;49;z;296.62013390822034;1396.9089430547624;5;0.03999999999999915;uː;0.049999999999998934
besuch;49;z;292.88976214831865;1354.0538200517874;6;0.049999999999998934;uː;0.049999999999998934
besuch;50;uː;292.88976214831865;1354.0538200517874;1;0;x;0.11000000000000121
besuch;50;uː;280.44676978684146;1112.100507863792;2;0.02200000000000024;x;0.11000000000000121
besuch;50;uː;253.16032533539826;894.0183570638374;3;0.04400000000000048;x;0.11000000000000121
besuch;50;uː;204.07448113824745;728.1771372109245;4;0.06600000000000072;x;0.11000000000000121
besuch;50;uː;176.13602319976508;745.9473157497844;5;0.08800000000000097;x;0.11000000000000121
besuch;50;uː;159.02211005735302;1029.292173200991;6;0.11000000000000121;x;0.11000000000000121
besuch;51;x;159.02211005735302;1029.292173200991;1;0;;0.02999999999999936
besuch;51;x;146.7740116419306;1153.1761990078846;2;0.006000000000000227;;0.02999999999999936
besuch;51;x;151.6837017699106;956.6595612718651;3;0.012000000000000455;;0.02999999999999936
besuch;51;x;157.03374891395293;964.6578361138978;4;0.017999999999998906;;0.02999999999999936
besuch;51;x;136.89336133138798;1175.0184141793065;5;0.023999999999999133;;0.02999999999999936
besuch;51;x;160.9764270411811;1092.5061941380293;6;0.02999999999999936;;0.02999999999999936
kuchen;53;kʰ;792.9766160943127;1819.8862475176834;1;0;uː;0.08999999999999986
kuchen;53;kʰ;1254.5828771862214;2258.793933594374;2;0.018000000000000682;uː;0.08999999999999986
kuchen;53;kʰ;528.3677646810701;971.3962131253122;3;0.03599999999999959;uː;0.08999999999999986
kuchen;53;kʰ;761.505317863467;959.1089778271047;4;0.05400000000000027;uː;0.08999999999999986
kuchen;53;kʰ;583.6496866092392;1126.185775762934;5;0.07199999999999918;uː;0.08999999999999986
kuchen;53;kʰ;952.761662344132;1850.0158005633473;6;0.08999999999999986;uː;0.08999999999999986
kuchen;54;uː;952.761662344132;1850.0158005633473;1;0;x;0.07000000000000028
kuchen;54;uː;280.1639592170372;752.4031651524787;2;0.013999999999999346;x;0.07000000000000028
kuchen;54;uː;263.247717687852;720.9088207253791;3;0.02800000000000047;x;0.07000000000000028
kuchen;54;uː;260.2271040005605;690.5680526216315;4;0.041999999999999815;x;0.07000000000000028
kuchen;54;uː;177.28136221933474;744.0522952365384;5;0.05600000000000094;x;0.07000000000000028
kuchen;54;uː;146.8301960995974;778.7182262278552;6;0.07000000000000028;x;0.07000000000000028
kuchen;55;x;146.8301960995974;778.7182262278552;1;0;n̩;0.03999999999999915
kuchen;55;x;151.62255831584972;804.7772879880148;2;0.007999999999999119;n̩;0.03999999999999915
kuchen;55;x;763.4436152214693;1777.5798455922945;3;0.016000000000000014;n̩;0.03999999999999915
kuchen;55;x;891.5055525776208;1877.0679554900819;4;0.023999999999999133;n̩;0.03999999999999915
kuchen;55;x;1020.6980890620365;1884.458256385762;5;0.03200000000000003;n̩;0.03999999999999915
kuchen;55;x;124.79231232827212;1347.2543421343769;6;0.03999999999999915;n̩;0.03999999999999915
kuchen;56;n̩;124.79231232827212;1347.2543421343769;1;0;;0.25
kuchen;56;n̩;160.16950584183058;1044.9499400394109;2;0.05000000000000071;;0.25
kuchen;56;n̩;141.96553123458662;1125.622937962587;3;0.09999999999999964;;0.25
kuchen;56;n̩;147.8103986768726;1413.2225822810512;4;0.15000000000000036;;0.25
kuchen;56;n̩;144.55605929619438;1714.4954762092493;5;0.1999999999999993;;0.25
kuchen;56;n̩;146.69165072917068;1438.935965538825;6;0.25;;0.25
tuche;58;tʰ;726.7349810522421;1384.4134419728355;1;0;uː;0.06999999999999851
tuche;58;tʰ;344.08999310106776;1517.9080153890502;2;0.013999999999999346;uː;0.06999999999999851
tuche;58;tʰ;1377.5492028007661;1834.6297345589614;3;0.027999999999998693;uː;0.06999999999999851
tuche;58;tʰ;1287.8155937676952;1755.3484751285996;4;0.041999999999999815;uː;0.06999999999999851
tuche;58;tʰ;695.6612085135564;1480.1931563340077;5;0.05599999999999916;uː;0.06999999999999851
tuche;58;tʰ;327.36325973785165;1211.6814034751012;6;0.06999999999999851;uː;0.06999999999999851
tuche;59;uː;327.36325973785165;1211.6814034751012;1;0;x;0.07000000000000028
tuche;59;uː;259.4320374739092;809.3828763372246;2;0.013999999999999346;x;0.07000000000000028
tuche;59;uː;243.6073994242082;765.9722182651891;3;0.02800000000000047;x;0.07000000000000028
tuche;59;uː;196.61686793557723;725.2104873199764;4;0.041999999999999815;x;0.07000000000000028
tuche;59;uː;189.5183887136511;622.0864343891619;5;0.05600000000000094;x;0.07000000000000028
tuche;59;uː;149.4004408719445;882.5784757783779;6;0.07000000000000028;x;0.07000000000000028
tuche;60;x;149.4004408719445;882.5784757783779;1;0;ə;0.07000000000000028
tuche;60;x;182.22856399482762;1041.5257332138708;2;0.013999999999999346;ə;0.07000000000000028
tuche;60;x;103.44654100284498;1034.2206746707823;3;0.02800000000000047;ə;0.07000000000000028
tuche;60;x;129.03710004178131;1127.1302200001223;4;0.041999999999999815;ə;0.07000000000000028
tuche;60;x;167.83660229007205;1054.5834448714534;5;0.05600000000000094;ə;0.07000000000000028
tuche;60;x;302.07062710468955;1079.1406642503312;6;0.07000000000000028;ə;0.07000000000000028
tuche;61;ə;302.07062710468955;1079.1406642503312;1;0;;0.14000000000000057
tuche;61;ə;252.71123265756532;1176.0817764912244;2;0.02800000000000047;;0.14000000000000057
tuche;61;ə;249.47416539222047;1086.8007528541684;3;0.05600000000000094;;0.14000000000000057
tuche;61;ə;315.2538763104093;1275.909901738283;4;0.08399999999999963;;0.14000000000000057
tuche;61;ə;216.8008599522739;1212.975914035266;5;0.1120000000000001;;0.14000000000000057
tuche;61;ə;186.5307573950421;1212.6421914072828;6;0.14000000000000057;;0.14000000000000057
schub;63;ʃ;977.6500837702222;1671.2219077452442;1;0;uː;0.120000000000001
schub;63;ʃ;1703.9542832931882;2150.114776354654;2;0.02400000000000091;uː;0.120000000000001
schub;63;ʃ;1604.8046624729718;2139.6953595579657;3;0.04800000000000004;uː;0.120000000000001
schub;63;ʃ;1567.6100426779603;2207.9329397366205;4;0.07200000000000095;uː;0.120000000000001
schub;63;ʃ;1303.9588743619324;1884.4344613459537;5;0.09600000000000009;uː;0.120000000000001
schub;63;ʃ;341.6476378934289;1354.7038726868195;6;0.120000000000001;uː;0.120000000000001
schub;64;uː;341.6476378934289;1354.7038726868195;1;0;p;0.08000000000000007
schub;64;uː;276.61996059257376;991.0870990970535;2;0.016000000000000014;p;0.08000000000000007
schub;64;uː;265.1887833438111;873.7460806515546;3;0.03200000000000003;p;0.08000000000000007
schub;64;uː;242.6351080856609;761.5193902204082;4;0.04800000000000004;p;0.08000000000000007
schub;64;uː;177.18905232295555;791.2403360987669;5;0.06400000000000006;p;0.08000000000000007
schub;64;uː;167.38236582299268;775.779601389209;6;0.08000000000000007;p;0.08000000000000007
schub;65;p;167.38236582299268;775.779601389209;1;0;;0.08000000000000007
schub;65;p;169.712753116693;808.1768876583641;2;0.016000000000000014;;0.08000000000000007
schub;65;p;181.74098260453533;581.1609138138672;3;0.03200000000000003;;0.08000000000000007
schub;65;p;161.25250512592376;1283.6545970430684;4;0.04800000000000004;;0.08000000000000007
schub;65;p;237.09944788511635;1436.812339149959;5;0.06400000000000006;;0.08000000000000007
schub;65;p;158.71507835504462;1445.8609990256234;6;0.08000000000000007;;0.08000000000000007
super;67;z;907.6151171056559;1758.4903799547717;1;0;uː;0.08999999999999986
super;67;z;1453.2963621275342;2738.5812170148406;2;0.018000000000000682;uː;0.08999999999999986
super;67;z;317.97368541081;1732.8311052935167;3;0.03599999999999959;uː;0.08999999999999986
super;67;z;923.5212603270909;2070.4210181483486;4;0.05400000000000027;uː;0.08999999999999986
super;67;z;1347.8383753617893;1627.0790234795747;5;0.07199999999999918;uː;0.08999999999999986
super;67;z;255.69711647067854;1361.3975971332682;6;0.08999999999999986;uː;0.08999999999999986
super;68;uː;255.69711647067854;1361.3975971332682;1;0;pʰ;0.05000000000000071
super;68;uː;245.02746538606306;1209.0210641023173;2;0.009999999999999787;pʰ;0.05000000000000071
super;68;uː;226.75890395398073;1013.0970547080117;3;0.019999999999999574;pʰ;0.05000000000000071
super;68;uː;217.4643572970796;945.3504157108265;4;0.030000000000001137;pʰ;0.05000000000000071
super;68;uː;213.1816651031902;1251.2329480426663;5;0.040000000000000924;pʰ;0.05000000000000071
super;68;uː;169.6216425313984;965.0732128012314;6;0.05000000000000071;pʰ;0.05000000000000071
super;69;pʰ;169.6216425313984;965.0732128012314;1;0;ɐ;0.0600000000000005
super;69;pʰ;161.18998602990376;1098.3734997883166;2;0.012000000000000455;ɐ;0.0600000000000005
super;69;pʰ;153.31483231412423;1072.089966391104;3;0.02400000000000091;ɐ;0.0600000000000005
super;69;pʰ;162.9919811308595;1561.268040699444;4;0.03599999999999959;ɐ;0.0600000000000005
super;69;pʰ;666.4140831468055;1534.7575353840627;5;0.04800000000000004;ɐ;0.0600000000000005
super;69;pʰ;389.873542238817;1066.0762165970375;6;0.0600000000000005;ɐ;0.0600000000000005
super;70;ɐ;389.873542238817;1066.0762165970375;1;0;;0.16999999999999993
super;70;ɐ;503.6061535033884;1092.934155703271;2;0.034000000000000696;;0.16999999999999993
super;70;ɐ;361.37436845837317;1177.2928332402178;3;0.06799999999999962;;0.16999999999999993
super;70;ɐ;331.7167856817663;1135.7203612089245;4;0.10200000000000031;;0.16999999999999993
super;70;ɐ;514.5362447111942;1427.4923509477003;5;0.13599999999999923;;0.16999999999999993
super;70;ɐ;547.7112513461285;1672.9379770407243;6;0.16999999999999993;;0.16999999999999993
lupe;72;l;910.2393028234153;1574.0947372772143;1;0;uː;0.06999999999999851
lupe;72;l;283.7405907401058;1513.788635881333;2;0.013999999999999346;uː;0.06999999999999851
lupe;72;l;224.9635529716134;1385.6018753317821;3;0.027999999999998693;uː;0.06999999999999851
lupe;72;l;233.4166183878733;1299.3574956756493;4;0.041999999999999815;uː;0.06999999999999851
lupe;72;l;223.82083497705509;1276.2390861766944;5;0.05599999999999916;uː;0.06999999999999851
lupe;72;l;251.1280837494561;1082.1358130872895;6;0.06999999999999851;uː;0.06999999999999851
lupe;73;uː;251.1280837494561;1082.1358130872895;1;0;pʰ;0.0600000000000005
lupe;73;uː;267.4849405655856;1020.572411020625;2;0.012000000000000455;pʰ;0.0600000000000005
lupe;73;uː;269.1534132718895;826.011461844849;3;0.02400000000000091;pʰ;0.0600000000000005
lupe;73;uː;263.8922416940957;781.8623821931548;4;0.03599999999999959;pʰ;0.0600000000000005
lupe;73;uː;266.6431017856029;1062.9553986401484;5;0.04800000000000004;pʰ;0.0600000000000005
lupe;73;uː;232.60393123498176;860.6232298496595;6;0.0600000000000005;pʰ;0.0600000000000005
lupe;74;pʰ;232.60393123498176;860.6232298496595;1;0;ə;0.07000000000000028
lupe;74;pʰ;249.56651143032462;879.8256181081165;2;0.013999999999999346;ə;0.07000000000000028
lupe;74;pʰ;229.6213533881334;977.4562561129594;3;0.02800000000000047;ə;0.07000000000000028
lupe;74;pʰ;464.2449597727649;1160.3566901231952;4;0.041999999999999815;ə;0.07000000000000028
lupe;74;pʰ;1086.451464029159;2059.8262344340533;5;0.05600000000000094;ə;0.07000000000000028
lupe;74;pʰ;282.5503038488591;1083.3785166814057;6;0.07000000000000028;ə;0.07000000000000028
lupe;75;ə;282.5503038488591;1083.3785166814057;1;0;;0.15000000000000036
lupe;75;ə;386.0844264716369;1180.3142501674579;2;0.02999999999999936;;0.15000000000000036
lupe;75;ə;324.5562270937893;1316.5881363515866;3;0.0600000000000005;;0.15000000000000036
lupe;75;ə;477.4918889772849;1383.9580978110946;4;0.08999999999999986;;0.15000000000000036
lupe;75;ə;219.88889772404193;1219.3870953621376;5;0.120000000000001;;0.15000000000000036
lupe;75;ə;157.18645576399038;736.2507629128655;6;0.15000000000000036;;0.15000000000000036
grub;77;ɡ;960.5502644809321;1621.3048495015694;1;0;ʁ;0.03999999999999915
grub;77;ɡ;1240.625742266016;2063.489374024455;2;0.007999999999999119;ʁ;0.03999999999999915
grub;77;ɡ;1103.9222875118749;1783.3748428622564;3;0.016000000000000014;ʁ;0.03999999999999915
grub;77;ɡ;1026.2964445119717;1346.5629004806535;4;0.023999999999999133;ʁ;0.03999999999999915
grub;77;ɡ;1024.3069637225171;1208.440039116804;5;0.03200000000000003;ʁ;0.03999999999999915
grub;77;ɡ;500.8008049499948;993.16262138998;6;0.03999999999999915;ʁ;0.03999999999999915
grub;78;ʁ;500.8008049499948;993.16262138998;1;0;ʊ;0.040000000000000924
grub;78;ʁ;528.5625793058762;951.2195753695255;2;0.008000000000000895;ʊ;0.040000000000000924
grub;78;ʁ;919.2349289680908;1931.4708695636843;3;0.016000000000000014;ʊ;0.040000000000000924
grub;78;ʁ;327.9860196465056;1179.2923994049322;4;0.02400000000000091;ʊ;0.040000000000000924
grub;78;ʁ;255.19524746381327;840.7541535771334;5;0.03200000000000003;ʊ;0.040000000000000924
grub;78;ʁ;299.39844286057956;777.6686831633955;6;0.040000000000000924;ʊ;0.040000000000000924
grub;79;ʊ;299.39844286057956;777.6686831633955;1;0;p;0.08999999999999986
grub;79;ʊ;297.38422930315977;737.3542165981272;2;0.018000000000000682;p;0.08999999999999986
grub;79;ʊ;282.866975159488;686.2561531414991;3;0.03599999999999959;p;0.08999999999999986
grub;79;ʊ;274.658123400292;686.9015119475621;4;0.05400000000000027;p;0.08999999999999986
grub;79;ʊ;258.87337019364145;786.9908534920443;5;0.07199999999999918;p;0.08999999999999986
grub;79;ʊ;284.39531841358325;703.5350415812705;6;0.08999999999999986;p;0.08999999999999986
grub;80;p;284.39531841358325;703.5350415812705;1;0;;0.16000000000000014
grub;80;p;359.60245448535863;1351.9855393947503;2;0.03200000000000003;;0.16000000000000014
grub;80;p;306.86825640194934;1254.2345326003497;3;0.06400000000000006;;0.16000000000000014
grub;80;p;307.60065588307833;1043.1615395878734;4;0.09600000000000009;;0.16000000000000014
grub;80;p;212.86546865458413;1151.1597865949427;5;0.1280000000000001;;0.16000000000000014
grub;80;p;1327.0487920934813;2430.5049670805183;6;0.16000000000000014;;0.16000000000000014
mus;82;m;989.7975484791216;1643.7175323939057;1;0;uː;0.049999999999998934
mus;82;m;1516.1921142056078;2443.7404186537356;2;0.009999999999999787;uː;0.049999999999998934
mus;82;m;134.6783214733003;1309.0874249197136;3;0.019999999999999574;uː;0.049999999999998934
mus;82;m;180.83627094645917;1652.870751443433;4;0.02999999999999936;uː;0.049999999999998934
mus;82;m;239.26993068489972;1415.7943287270411;5;0.03999999999999915;uː;0.049999999999998934
mus;82;m;265.4601247455194;382.20399575359824;6;0.049999999999998934;uː;0.049999999999998934
mus;83;uː;265.4601247455194;382.20399575359824;1;0;s;0.11000000000000121
mus;83;uː;249.2236076506392;634.8117696910883;2;0.02200000000000024;s;0.11000000000000121
mus;83;uː;271.6987354140664;669.6631212606591;3;0.04400000000000048;s;0.11000000000000121
mus;83;uː;275.78792743260993;747.8585397730175;4;0.06600000000000072;s;0.11000000000000121
mus;83;uː;243.17403274706368;975.6229861278999;5;0.08800000000000097;s;0.11000000000000121
mus;83;uː;328.2679313626189;1461.7069488632787;6;0.11000000000000121;s;0.11000000000000121
mus;84;s;328.2679313626189;1461.7069488632787;1;0;;0.15000000000000036
mus;84;s;244.02525143143586;1578.9076924538713;2;0.02999999999999936;;0.15000000000000036
mus;84;s;225.8917666534965;1608.1902421148536;3;0.0600000000000005;;0.15000000000000036
mus;84;s;1492.262911957314;2254.533920558198;4;0.08999999999999986;;0.15000000000000036
mus;84;s;200.50837475932147;1518.8942520468265;5;0.120000000000001;;0.15000000000000036
mus;84;s;1217.0423560732459;2130.99739413519;6;0.15000000000000036;;0.15000000000000036
tabus;86;tʰ;1502.337825979495;2214.8456598322423;1;0;a;0.0600000000000005
tabus;86;tʰ;120.34179365221289;1502.0349115858671;2;0.012000000000000455;a;0.0600000000000005
tabus;86;tʰ;689.0771772546645;1703.5130436662853;3;0.02400000000000091;a;0.0600000000000005
tabus;86;tʰ;605.047792656109;1605.305812078968;4;0.03599999999999959;a;0.0600000000000005
tabus;86;tʰ;586.4689551022561;1602.282405626267;5;0.04800000000000004;a;0.0600000000000005
tabus;86;tʰ;596.2127213727506;1503.4449897935735;6;0.0600000000000005;a;0.0600000000000005
tabus;87;a;596.2127213727506;1503.4449897935735;1;0;b;0.02999999999999936
tabus;87;a;491.68525032492687;1384.5365660272241;2;0.006000000000000227;b;0.02999999999999936
tabus;87;a;435.4210195478181;1320.6350671640585;3;0.012000000000000455;b;0.02999999999999936
tabus;87;a;325.0512353758228;1136.9623466281655;4;0.017999999999998906;b;0.02999999999999936
tabus;87;a;231.58197553877167;1262.0360280570628;5;0.023999999999999133;b;0.02999999999999936
tabus;87;a;218.1496521560138;1427.0319408073256;6;0.02999999999999936;b;0.02999999999999936
tabus;88;b;218.1496521560138;1427.0319408073256;1;0;ʊ;0.0600000000000005
tabus;88;b;365.1612985297096;1369.8686219706751;2;0.012000000000000455;ʊ;0.0600000000000005
tabus;88;b;425.645832474609;1344.8839475646298;3;0.02400000000000091;ʊ;0.0600000000000005
tabus;88;b;215.30197353841294;1147.5216520079578;4;0.03599999999999959;ʊ;0.0600000000000005
tabus;88;b;251.7837048308792;1109.056910709645;5;0.04800000000000004;ʊ;0.0600000000000005
tabus;88;b;294.3642889467611;833.7974301883813;6;0.0600000000000005;ʊ;0.0600000000000005
tabus;89;ʊ;294.3642889467611;833.7974301883813;1;0;s;0.09999999999999964
tabus;89;ʊ;281.46153183885673;800.882270495762;2;0.019999999999999574;s;0.09999999999999964
tabus;89;ʊ;264.2077316894713;822.5818071117849;3;0.03999999999999915;s;0.09999999999999964
tabus;89;ʊ;284.466404201901;833.4480303501012;4;0.0600000000000005;s;0.09999999999999964
tabus;89;ʊ;291.9371331475113;1017.3744922399876;5;0.08000000000000007;s;0.09999999999999964
tabus;89;ʊ;278.9294072515065;1224.410188581771;6;0.09999999999999964;s;0.09999999999999964
tabus;90;s;278.9294072515065;1224.410188581771;1;0;;0.16000000000000014
tabus;90;s;259.1190629408824;1491.2504488570207;2;0.03200000000000003;;0.16000000000000014
tabus;90;s;1540.996021031016;2528.83376823854;3;0.06400000000000006;;0.16000000000000014
tabus;90;s;223.46168061790533;1556.7178319673092;4;0.09600000000000009;;0.16000000000000014
tabus;90;s;141.99154427998027;1602.768080343564;5;0.1280000000000001;;0.16000000000000014
tabus;90;s;94.24169681782158;1622.5832282009753;6;0.16000000000000014;;0.16000000000000014
fußes;92;spn;1371.3706444127909;2182.7543864312292;1;0;;0.3899999999999988
fußes;92;spn;266.4086790247338;741.9394806984546;2;0.0779999999999994;;0.3899999999999988
fußes;92;spn;148.34708649172134;1486.6294052412354;3;0.1559999999999988;;0.3899999999999988
fußes;92;spn;298.98199634040907;1425.648941419847;4;0.23399999999999999;;0.3899999999999988
fußes;92;spn;256.9296179474295;1626.6962192016363;5;0.3119999999999994;;0.3899999999999988
fußes;92;spn;219.61102016064174;1478.8604346082907;6;0.3899999999999988;;0.3899999999999988
rußig;94;spn;831.4861334862002;1764.0639437773666;1;0;;0.3000000000000007
rußig;94;spn;266.3166570766838;666.7625566574621;2;0.05999999999999872;;0.3000000000000007
rußig;94;spn;140.98300478094671;1442.7489109097958;3;0.120000000000001;;0.3000000000000007
rußig;94;spn;1412.9158971788052;1990.030329691484;4;0.17999999999999972;;0.3000000000000007
rußig;94;spn;322.121080962093;1797.7546798252822;5;0.240000000000002;;0.3000000000000007
rußig;94;spn;298.63730301356316;1823.2068582841187;6;0.3000000000000007;;0.3000000000000007
dusche;96;d;1077.685652754105;1998.7383726669404;1;0;uː;0.05000000000000071
dusche;96;d;883.7759644217361;1810.5595711216147;2;0.010000000000001563;uː;0.05000000000000071
dusche;96;d;1601.0021760906586;2655.068815411339;3;0.019999999999999574;uː;0.05000000000000071
dusche;96;d;546.3255809756877;1607.3002184296502;4;0.030000000000001137;uː;0.05000000000000071
dusche;96;d;874.6486396596595;1901.9980469913114;5;0.03999999999999915;uː;0.05000000000000071
dusche;96;d;260.32310779043866;1398.9600594662409;6;0.05000000000000071;uː;0.05000000000000071
dusche;97;uː;260.32310779043866;1398.9600594662409;1;0;ʃ;0.0799999999999983
dusche;97;uː;245.81198198409973;1021.166278556926;2;0.015999999999998238;ʃ;0.0799999999999983
dusche;97;uː;225.67339250783894;931.3742750702327;3;0.03200000000000003;ʃ;0.0799999999999983
dusche;97;uː;207.4989431223527;555.7092301722237;4;0.047999999999998266;ʃ;0.0799999999999983
dusche;97;uː;162.17078350858804;1077.1530736972204;5;0.06400000000000006;ʃ;0.0799999999999983
dusche;97;uː;135.08835002545445;1275.839814776392;6;0.0799999999999983;ʃ;0.0799999999999983
dusche;98;ʃ;135.08835002545445;1275.839814776392;1;0;ə;0.07000000000000028
dusche;98;ʃ;1523.2382128899897;2354.057901348298;2;0.013999999999999346;ə;0.07000000000000028
dusche;98;ʃ;1475.3678226339182;2377.3730675735596;3;0.027999999999998693;ə;0.07000000000000028
dusche;98;ʃ;1492.0659952118367;2442.0456405146183;4;0.04200000000000159;ə;0.07000000000000028
dusche;98;ʃ;1560.9764510659054;2469.1133221523455;5;0.05600000000000094;ə;0.07000000000000028
dusche;98;ʃ;239.3484614584534;1635.9477214890378;6;0.07000000000000028;ə;0.07000000000000028
dusche;99;ə;239.3484614584534;1635.9477214890378;1;0;;0.1700000000000017
dusche;99;ə;344.52228064115195;1503.0714454806532;2;0.03399999999999892;;0.1700000000000017
dusche;99;ə;287.09132840789124;1556.218819861328;3;0.06800000000000139;;0.1700000000000017
dusche;99;ə;184.94552661513865;1484.8220785282795;4;0.10200000000000031;;0.1700000000000017
dusche;99;ə;168.8119257646048;1566.9580588939584;5;0.13600000000000279;;0.1700000000000017
dusche;99;ə;150.51709595741502;1449.2823862834855;6;0.1700000000000017;;0.1700000000000017
duschen;101;d;378.82550802006915;1693.1766528933736;1;0;uː;0.05000000000000071
duschen;101;d;638.4218207004396;1831.6665068692298;2;0.010000000000001563;uː;0.05000000000000071
duschen;101;d;914.8158196314641;1572.2175665440916;3;0.019999999999999574;uː;0.05000000000000071
duschen;101;d;1326.847740710787;1712.639334394517;4;0.030000000000001137;uː;0.05000000000000071
duschen;101;d;146.10129505680067;1447.8703680974738;5;0.03999999999999915;uː;0.05000000000000071
duschen;101;d;246.65626257401644;1087.306349856708;6;0.05000000000000071;uː;0.05000000000000071
duschen;102;uː;246.65626257401644;1087.306349856708;1;0;ʃ;0.05999999999999872
duschen;102;uː;244.22040760555427;984.6007158964425;2;0.012000000000000455;ʃ;0.05999999999999872
duschen;102;uː;234.13941178662895;905.1994802542843;3;0.02400000000000091;ʃ;0.05999999999999872
duschen;102;uː;218.28064103775233;879.6368837487828;4;0.03599999999999781;ʃ;0.05999999999999872
duschen;102;uː;175.54527602812223;994.242559915447;5;0.047999999999998266;ʃ;0.05999999999999872
duschen;102;uː;171.83965011696458;1256.4233256408418;6;0.05999999999999872;ʃ;0.05999999999999872
duschen;103;ʃ;171.83965011696458;1256.4233256408418;1;0;n̩;0.08000000000000185
duschen;103;ʃ;1232.7847283840483;1992.1954818444628;2;0.01600000000000179;n̩;0.08000000000000185
duschen;103;ʃ;1506.8137079642993;2129.5813824758407;3;0.03200000000000003;n̩;0.08000000000000185
duschen;103;ʃ;1457.7981114348622;2410.3249695829154;4;0.04800000000000182;n̩;0.08000000000000185
duschen;103;ʃ;1572.2034289514793;2377.0333269701514;5;0.06400000000000006;n̩;0.08000000000000185
duschen;103;ʃ;168.41229326904786;1566.5264239702572;6;0.08000000000000185;n̩;0.08000000000000185
duschen;104;n̩;168.41229326904786;1566.5264239702572;1;0;;0.14000000000000057
duschen;104;n̩;224.3957293016855;1636.4911901912621;2;0.027999999999998693;;0.14000000000000057
duschen;104;n̩;148.67389528796147;1683.9409194725167;3;0.05600000000000094;;0.14000000000000057
duschen;104;n̩;147.11140705579095;1452.6375279167628;4;0.08399999999999963;;0.14000000000000057
duschen;104;n̩;147.26764982895364;1446.1407656058618;5;0.11200000000000188;;0.14000000000000057
duschen;104;n̩;175.5052169760247;1415.170087915214;6;0.14000000000000057;;0.14000000000000057
wuschen;106;v;1304.4228187211827;1999.3607420575038;1;0;ʊ;0.07000000000000028
wuschen;106;v;152.3654360595722;1551.0629191645999;2;0.013999999999999346;ʊ;0.07000000000000028
wuschen;106;v;1185.9016833565825;1711.0359743499043;3;0.027999999999998693;ʊ;0.07000000000000028
wuschen;106;v;994.1181233025499;1840.866651064142;4;0.04200000000000159;ʊ;0.07000000000000028
wuschen;106;v;233.13547596458915;1017.1481377501543;5;0.05600000000000094;ʊ;0.07000000000000028
wuschen;106;v;268.8837469712677;802.1681151949163;6;0.07000000000000028;ʊ;0.07000000000000028
wuschen;107;ʊ;268.8837469712677;802.1681151949163;1;0;ʃ;0.03999999999999915
wuschen;107;ʊ;270.37065379727346;796.6834884701678;2;0.007999999999999119;ʃ;0.03999999999999915
wuschen;107;ʊ;258.61656555929335;794.8294255893014;3;0.015999999999998238;ʃ;0.03999999999999915
wuschen;107;ʊ;262.13795673780226;820.3591155742547;4;0.02400000000000091;ʃ;0.03999999999999915
wuschen;107;ʊ;276.3058748631531;874.2399302614461;5;0.03200000000000003;ʃ;0.03999999999999915
wuschen;107;ʊ;268.4938172008813;1118.9342757357306;6;0.03999999999999915;ʃ;0.03999999999999915
wuschen;108;ʃ;268.4938172008813;1118.9342757357306;1;0;n̩;0.10000000000000142
wuschen;108;ʃ;1412.7642719137984;1821.5960444278728;2;0.019999999999999574;n̩;0.10000000000000142
wuschen;108;ʃ;1557.4466724584304;2133.0420967723835;3;0.03999999999999915;n̩;0.10000000000000142
wuschen;108;ʃ;1514.429389468242;1991.2147895085213;4;0.060000000000002274;n̩;0.10000000000000142
wuschen;108;ʃ;229.62500884923517;1610.1677817223365;5;0.08000000000000185;n̩;0.10000000000000142
wuschen;108;ʃ;197.04391042351276;1481.3090083983977;6;0.10000000000000142;n̩;0.10000000000000142
wuschen;109;n̩;197.04391042351276;1481.3090083983977;1;0;;0.16999999999999815
wuschen;109;n̩;154.96880428314842;1353.584810111155;2;0.03399999999999892;;0.16999999999999815
wuschen;109;n̩;163.13394142693525;1703.8007289293168;3;0.06799999999999784;;0.16999999999999815
wuschen;109;n̩;144.71998120170915;1455.2759052567806;4;0.10200000000000031;;0.16999999999999815
wuschen;109;n̩;141.61007832703893;1373.4745129056587;5;0.13599999999999923;;0.16999999999999815
wuschen;109;n̩;129.91927406772186;1387.9815855123816;6;0.16999999999999815;;0.16999999999999815
zuschnitt;111;ts;826.6542604923148;1574.5062243363238;1;0;uː;0.0799999999999983
zuschnitt;111;ts;1263.4288455001952;2566.933409579834;2;0.015999999999998238;uː;0.0799999999999983
zuschnitt;111;ts;1092.3483383878872;1785.451844278804;3;0.03200000000000003;uː;0.0799999999999983
zuschnitt;111;ts;1576.2350793025894;2466.8259158156898;4;0.047999999999998266;uː;0.0799999999999983
zuschnitt;111;ts;1563.2536347594114;1762.3227902976364;5;0.06400000000000006;uː;0.0799999999999983
zuschnitt;111;ts;1383.541553572521;1877.006322071038;6;0.0799999999999983;uː;0.0799999999999983
zuschnitt;112;uː;1383.541553572521;1877.006322071038;1;0;ʃ;0.05000000000000071
zuschnitt;112;uː;245.42419906434185;1273.4039297500995;2;0.010000000000001563;ʃ;0.05000000000000071
zuschnitt;112;uː;258.67956436640503;1144.4477597693135;3;0.019999999999999574;ʃ;0.05000000000000071
zuschnitt;112;uː;283.6390155866152;1107.470312530529;4;0.030000000000001137;ʃ;0.05000000000000071
zuschnitt;112;uː;293.99563924359944;1233.3038817149356;5;0.03999999999999915;ʃ;0.05000000000000071
zuschnitt;112;uː;208.38559617071394;1258.3802592810055;6;0.05000000000000071;ʃ;0.05000000000000071
zuschnitt;113;ʃ;208.38559617071394;1258.3802592810055;1;0;n;0.0799999999999983
zuschnitt;113;ʃ;1230.6279895626967;1561.185294895791;2;0.015999999999998238;n;0.0799999999999983
zuschnitt;113;ʃ;1436.2775074930444;1738.4762094061675;3;0.03200000000000003;n;0.0799999999999983
zuschnitt;113;ʃ;1527.516854600256;1870.5388391706413;4;0.047999999999998266;n;0.0799999999999983
zuschnitt;113;ʃ;1508.7969772893157;2273.5380727100573;5;0.06400000000000006;n;0.0799999999999983
zuschnitt;113;ʃ;1426.3093449997675;2559.0903164957967;6;0.0799999999999983;n;0.0799999999999983
zuschnitt;114;n;1426.3093449997675;2559.0903164957967;1;0;ɪ;0.0400000000000027
zuschnitt;114;n;154.24828536388227;1493.8809817018227;2;0.007999999999999119;ɪ;0.0400000000000027
zuschnitt;114;n;218.65982936020518;1633.2853029622438;3;0.01600000000000179;ɪ;0.0400000000000027
zuschnitt;114;n;222.22516806832138;1703.0453400344045;4;0.02400000000000091;ɪ;0.0400000000000027
zuschnitt;114;n;290.3715346280644;1662.8316907733995;5;0.03200000000000358;ɪ;0.0400000000000027
zuschnitt;114;n;346.78714413024454;1660.539059795644;6;0.0400000000000027;ɪ;0.0400000000000027
zuschnitt;115;ɪ;346.78714413024454;1660.539059795644;1;0;t;0.04999999999999716
zuschnitt;115;ɪ;384.8488114637445;1640.279546921265;2;0.00999999999999801;t;0.04999999999999716
zuschnitt;115;ɪ;302.3036091601414;1663.949101442982;3;0.019999999999999574;t;0.04999999999999716
zuschnitt;115;ɪ;331.20246278797765;1663.5613805958242;4;0.029999999999997584;t;0.04999999999999716
zuschnitt;115;ɪ;328.75570402060436;1658.227382190165;5;0.03999999999999915;t;0.04999999999999716
zuschnitt;115;ɪ;197.45271617248488;1628.5237312662036;6;0.04999999999999716;t;0.04999999999999716
zuschnitt;116;t;197.45271617248488;1628.5237312662036;1;0;;0.07000000000000028
zuschnitt;116;t;313.31592067588684;1620.1302285934833;2;0.013999999999999346;;0.07000000000000028
zuschnitt;116;t;173.26095600943188;1536.017513593372;3;0.027999999999998693;;0.07000000000000028
zuschnitt;116;t;646.8337844240904;1676.660364884013;4;0.04200000000000159;;0.07000000000000028
zuschnitt;116;t;208.607283186638;1671.7642974503335;5;0.05600000000000094;;0.07000000000000028
zuschnitt;116;t;251.65282896583605;1659.5911492005343;6;0.07000000000000028;;0.07000000000000028
ruf;118;ʁ;629.7213767657408;1770.7056637749347;1;0;uː;0.05999999999999872
ruf;118;ʁ;610.5310709356063;1444.0081756489578;2;0.012000000000000455;uː;0.05999999999999872
ruf;118;ʁ;1110.092845303936;2008.2096824345813;3;0.02400000000000091;uː;0.05999999999999872
ruf;118;ʁ;653.323742090871;1662.7777562783829;4;0.03599999999999781;uː;0.05999999999999872
ruf;118;ʁ;257.7934664089655;674.2394239437774;5;0.047999999999998266;uː;0.05999999999999872
ruf;118;ʁ;298.6921613874312;615.7367533526691;6;0.05999999999999872;uː;0.05999999999999872
ruf;119;uː;298.6921613874312;615.7367533526691;1;0;f;0.07000000000000028
ruf;119;uː;291.2295426194557;638.7572592097043;2;0.013999999999999346;f;0.07000000000000028
ruf;119;uː;279.4118261470645;615.5759336041782;3;0.027999999999998693;f;0.07000000000000028
ruf;119;uː;263.5381809202159;633.2177529230817;4;0.04200000000000159;f;0.07000000000000028
ruf;119;uː;311.70251965494896;645.9590684471012;5;0.05600000000000094;f;0.07000000000000028
ruf;119;uː;276.90728194745816;1217.2438210102034;6;0.07000000000000028;f;0.07000000000000028
ruf;120;f;276.90728194745816;1217.2438210102034;1;0;;0.10999999999999943
ruf;120;f;148.18056042369113;1266.7925532634224;2;0.021999999999998465;;0.10999999999999943
ruf;120;f;1086.3238267593958;1791.844491887316;3;0.04400000000000048;;0.10999999999999943
ruf;120;f;345.28639385172943;1399.34232809141;4;0.06599999999999895;;0.10999999999999943
ruf;120;f;1007.9115340218646;1880.8082807078683;5;0.08800000000000097;;0.10999999999999943
ruf;120;f;298.59439332266044;1347.504292645604;6;0.10999999999999943;;0.10999999999999943
stufe;122;ʃ;180.79843548521595;1581.2826034254365;1;0;t;0.07000000000000028
stufe;122;ʃ;1140.8080596203315;1578.0635572497006;2;0.013999999999999346;t;0.07000000000000028
stufe;122;ʃ;1527.7697578840632;2267.212835651192;3;0.027999999999998693;t;0.07000000000000028
stufe;122;ʃ;1538.052664208046;2111.5982318476404;4;0.04200000000000159;t;0.07000000000000028
stufe;122;ʃ;1613.7459042462367;1971.5566716475423;5;0.05600000000000094;t;0.07000000000000028
stufe;122;ʃ;1692.7708817188357;1982.2870266259201;6;0.07000000000000028;t;0.07000000000000028
stufe;123;t;1692.7708817188357;1982.2870266259201;1;0;uː;0.05000000000000071
stufe;123;t;1500.0833118929854;2167.389720546154;2;0.010000000000001563;uː;0.05000000000000071
stufe;123;t;1272.7108257235382;1684.2319803477858;3;0.019999999999999574;uː;0.05000000000000071
stufe;123;t;1347.9156028067437;1969.9253482840038;4;0.030000000000001137;uː;0.05000000000000071
stufe;123;t;173.5378886813047;1279.3768689082328;5;0.03999999999999915;uː;0.05000000000000071
stufe;123;t;257.9104458563692;1080.3082435750982;6;0.05000000000000071;uː;0.05000000000000071
stufe;124;uː;257.9104458563692;1080.3082435750982;1;0;f;0.05999999999999872
stufe;124;uː;271.55835131435515;970.7563353871275;2;0.012000000000000455;f;0.05999999999999872
stufe;124;uː;266.54862089768426;835.1431637344454;3;0.02400000000000091;f;0.05999999999999872
stufe;124;uː;266.6079487614513;815.5185452586867;4;0.03599999999999781;f;0.05999999999999872
stufe;124;uː;245.88117651202498;779.6441203007519;5;0.047999999999998266;f;0.05999999999999872
stufe;124;uː;164.53266544872804;1029.9722358447282;6;0.05999999999999872;f;0.05999999999999872
stufe;125;f;164.53266544872804;1029.9722358447282;1;0;ə;0.07000000000000028
stufe;125;f;157.38724273443242;1330.8502215478006;2;0.013999999999999346;ə;0.07000000000000028
stufe;125;f;160.1332482267267;1452.3327217789436;3;0.027999999999998693;ə;0.07000000000000028
stufe;125;f;187.49606048588217;1591.0865446670723;4;0.04200000000000159;ə;0.07000000000000028
stufe;125;f;210.72197837343404;1429.2824186418263;5;0.05600000000000094;ə;0.07000000000000028
stufe;125;f;163.4896604577126;1313.4125495136423;6;0.07000000000000028;ə;0.07000000000000028
stufe;126;ə;163.4896604577126;1313.4125495136423;1;0;;0.120000000000001
stufe;126;ə;341.79633077211395;1326.4702193497174;2;0.02400000000000091;;0.120000000000001
stufe;126;ə;269.3899309624135;1384.0197438776931;3;0.04800000000000182;;0.120000000000001
stufe;126;ə;238.05550990123803;1483.2618090353185;4;0.07199999999999918;;0.120000000000001
stufe;126;ə;237.56133780989336;1448.815417217704;5;0.09600000000000009;;0.120000000000001
stufe;126;ə;220.30622991883232;1672.169681841901;6;0.120000000000001;;0.120000000000001
beruflich;128;b;1450.5621213328461;2121.527826027997;1;0;ə;0.030000000000001137
beruflich;128;b;1462.276763567888;2502.912541389568;2;0.006000000000000227;ə;0.030000000000001137
beruflich;128;b;134.62704651587535;1402.5365136299179;3;0.012000000000000455;ə;0.030000000000001137
beruflich;128;b;507.9060525743689;1355.7669522974084;4;0.018000000000000682;ə;0.030000000000001137
beruflich;128;b;532.7794822966732;1333.148697962505;5;0.02400000000000091;ə;0.030000000000001137
beruflich;128;b;385.1863149072203;1068.9278594426287;6;0.030000000000001137;ə;0.030000000000001137
beruflich;129;ə;385.1863149072203;1068.9278594426287;1;0;ʁ;0.030000000000001137
beruflich;129;ə;244.95794200210608;929.2017783357171;2;0.006000000000000227;ʁ;0.030000000000001137
beruflich;129;ə;265.8099253641635;864.2777874471966;3;0.012000000000000455;ʁ;0.030000000000001137
beruflich;129;ə;305.1954742823125;862.6853643254117;4;0.018000000000000682;ʁ;0.030000000000001137
beruflich;129;ə;292.3270927675586;783.7194001040028;5;0.02400000000000091;ʁ;0.030000000000001137
beruflich;129;ə;290.3119948057258;735.6291746799438;6;0.030000000000001137;ʁ;0.030000000000001137
beruflich;130;ʁ;290.3119948057258;735.6291746799438;1;0;uː;0.029999999999997584
beruflich;130;ʁ;302.01928859147216;738.2619293207904;2;0.006000000000000227;uː;0.029999999999997584
beruflich;130;ʁ;328.7399050750469;726.8986016411053;3;0.012000000000000455;uː;0.029999999999997584
beruflich;130;ʁ;330.753073355952;676.9447989216263;4;0.01799999999999713;uː;0.029999999999997584
beruflich;130;ʁ;313.20571999490573;669.2492710128712;5;0.023999999999997357;uː;0.029999999999997584
beruflich;130;ʁ;305.95921265555364;616.1208874827194;6;0.029999999999997584;uː;0.029999999999997584
beruflich;131;uː;305.95921265555364;616.1208874827194;1;0;f;0.060000000000002274
beruflich;131;uː;317.4361610542671;610.7371672091269;2;0.012000000000000455;f;0.060000000000002274
beruflich;131;uː;302.02361773148965;596.0615685138024;3;0.02400000000000091;f;0.060000000000002274
beruflich;131;uː;318.7800162995334;642.1990290405603;4;0.036000000000001364;f;0.060000000000002274
beruflich;131;uː;308.072602347283;692.9453384681518;5;0.04800000000000182;f;0.060000000000002274
beruflich;131;uː;301.37850666755065;1216.824700698718;6;0.060000000000002274;f;0.060000000000002274
beruflich;132;f;301.37850666755065;1216.824700698718;1;0;l;0.0799999999999983
beruflich;132;f;426.79402074372285;1027.5170547098692;2;0.015999999999998238;l;0.0799999999999983
beruflich;132;f;214.65714347790765;1690.0028839199504;3;0.03200000000000003;l;0.0799999999999983
beruflich;132;f;1412.6123118609266;1796.9460304017873;4;0.047999999999998266;l;0.0799999999999983
beruflich;132;f;471.07359341448614;1681.6457268412491;5;0.06400000000000006;l;0.0799999999999983
beruflich;132;f;1373.8159451479132;2060.9968342034335;6;0.0799999999999983;l;0.0799999999999983
beruflich;133;l;1373.8159451479132;2060.9968342034335;1;0;ɪ;0.030000000000001137
beruflich;133;l;223.97987822517737;1554.6674184394344;2;0.006000000000000227;ɪ;0.030000000000001137
beruflich;133;l;297.82459824728414;1655.4935129869293;3;0.012000000000000455;ɪ;0.030000000000001137
beruflich;133;l;311.71067602841936;1618.9835390730798;4;0.018000000000000682;ɪ;0.030000000000001137
beruflich;133;l;339.63948667489115;1636.8933648841623;5;0.02400000000000091;ɪ;0.030000000000001137
beruflich;133;l;290.73938128534365;1694.1120319853694;6;0.030000000000001137;ɪ;0.030000000000001137
beruflich;134;ɪ;290.73938128534365;1694.1120319853694;1;0;ç;0.05000000000000071
beruflich;134;ɪ;325.2951470697474;1789.4816819724736;2;0.010000000000001563;ç;0.05000000000000071
beruflich;134;ɪ;320.8581142968932;1772.2323114958185;3;0.019999999999999574;ç;0.05000000000000071
beruflich;134;ɪ;275.6033537113312;1818.2354050564709;4;0.030000000000001137;ç;0.05000000000000071
beruflich;134;ɪ;324.8441875208732;1883.6941857076554;5;0.03999999999999915;ç;0.05000000000000071
beruflich;134;ɪ;275.8143792176764;1677.699339201278;6;0.05000000000000071;ç;0.05000000000000071
beruflich;135;ç;275.8143792176764;1677.699339201278;1;0;;0.10999999999999943
beruflich;135;ç;263.74476141348947;1784.4142655619419;2;0.021999999999998465;;0.10999999999999943
beruflich;135;ç;226.4459365919286;1889.0454828042023;3;0.04400000000000048;;0.10999999999999943
beruflich;135;ç;248.24042438043224;1740.1787843778134;4;0.06599999999999895;;0.10999999999999943
beruflich;135;ç;162.35083619519642;1778.6109040850608;5;0.08800000000000097;;0.10999999999999943
beruflich;135;ç;186.1367741695319;1736.919804836799;6;0.10999999999999943;;0.10999999999999943
zufall;137;ts;524.0411211625305;1723.4364794063958;1;0;uː;0.08999999999999986
zufall;137;ts;1534.9613722246565;2844.4408508053602;2;0.018000000000000682;uː;0.08999999999999986
zufall;137;ts;909.934434482183;1772.6274819719224;3;0.036000000000001364;uː;0.08999999999999986
zufall;137;ts;1650.5198455588484;2060.0245263893385;4;0.053999999999998494;uː;0.08999999999999986
zufall;137;ts;331.02235574426453;1459.8915253048858;5;0.07199999999999918;uː;0.08999999999999986
zufall;137;ts;1175.9310787667598;1975.1796942444284;6;0.08999999999999986;uː;0.08999999999999986
zufall;138;uː;1175.9310787667598;1975.1796942444284;1;0;f;0.05999999999999872
zufall;138;uː;239.64966836790686;1038.7062216791444;2;0.012000000000000455;f;0.05999999999999872
zufall;138;uː;229.47120272236103;967.2886370817424;3;0.02400000000000091;f;0.05999999999999872
zufall;138;uː;214.782717806199;831.0168950876156;4;0.03599999999999781;f;0.05999999999999872
zufall;138;uː;200.32382382223983;876.5556564906211;5;0.047999999999998266;f;0.05999999999999872
zufall;138;uː;189.4197446897196;1105.6511401277976;6;0.05999999999999872;f;0.05999999999999872
zufall;139;f;189.4197446897196;1105.6511401277976;1;0;a;0.08999999999999986
zufall;139;f;144.81476515767557;1414.2115777822546;2;0.018000000000000682;a;0.08999999999999986
zufall;139;f;279.52980956395925;1633.6221769259544;3;0.036000000000001364;a;0.08999999999999986
zufall;139;f;1215.6076876048735;1821.7878444103033;4;0.053999999999998494;a;0.08999999999999986
zufall;139;f;975.5436301513007;1187.440311048083;5;0.07199999999999918;a;0.08999999999999986
zufall;139;f;240.71420169216347;1159.3688327456532;6;0.08999999999999986;a;0.08999999999999986
zufall;140;a;240.71420169216347;1159.3688327456532;1;0;l;0.08000000000000185
zufall;140;a;563.870950521265;1195.046326262588;2;0.01600000000000179;l;0.08000000000000185
zufall;140;a;589.0869055125713;1333.9303363689157;3;0.03200000000000003;l;0.08000000000000185
zufall;140;a;709.9392837204166;1349.1736691475714;4;0.04800000000000182;l;0.08000000000000185
zufall;140;a;283.6932722745096;1400.859460447815;5;0.06400000000000006;l;0.08000000000000185
zufall;140;a;726.7431284833598;1647.611982016101;6;0.08000000000000185;l;0.08000000000000185
zufall;141;l;726.7431284833598;1647.611982016101;1;0;;0.08999999999999986
zufall;141;l;466.2216380177935;1580.5754261431925;2;0.018000000000000682;;0.08999999999999986
zufall;141;l;458.59371519249396;1648.4286885897027;3;0.036000000000001364;;0.08999999999999986
zufall;141;l;450.1581054006546;1649.0305837028825;4;0.053999999999998494;;0.08999999999999986
zufall;141;l;914.8546495001474;2357.5527974288084;5;0.07199999999999918;;0.08999999999999986
zufall;141;l;135.8729198178819;1296.3111089796164;6;0.08999999999999986;;0.08999999999999986
